"Date ","series ","OPEN ","HIGH ","LOW ","PREV. CLOSE ","ltp ","close ","vwap ","52W H ","52W L ","VOLUME ","VALUE ","No of trades "
"01-Dec-2020","EQ","392.40","408.45","386.95","392.10","407.00","404.95","398.46","779.80","197.00",5161307,"2,056,562,072.70",51757
"27-Nov-2020","EQ","386.05","396.95","381.30","383.30","389.10","392.10","389.98","779.80","197.00",6115382,"2,384,877,971.10",50662
"26-Nov-2020","EQ","370.10","385.00","365.40","368.05","384.75","383.30","375.66","779.80","197.00",4880589,"1,833,434,895.05",48937
"25-Nov-2020","EQ","373.00","376.90","363.10","367.40","369.25","368.05","370.13","779.80","197.00",4214218,"1,559,802,705.15",47656
"24-Nov-2020","EQ","361.00","374.35","358.35","358.45","369.00","367.40","368.70","779.80","197.00",5309131,"1,957,499,966.00",62486
"23-Nov-2020","EQ","359.20","362.95","351.10","356.35","358.10","358.45","357.28","779.80","197.00",2968976,"1,060,743,167.90",46815
"20-Nov-2020","EQ","360.00","368.85","351.05","353.05","355.10","356.35","358.18","779.80","197.00",9266501,"3,319,081,665.00",105593
"19-Nov-2020","EQ","327.95","359.50","325.00","327.40","353.65","353.05","349.73","779.80","197.00",13618212,"4,762,688,086.45",134404
"18-Nov-2020","EQ","322.90","332.70","321.10","322.10","327.60","327.40","327.57","779.80","197.00",2775112,"909,039,747.40",26719
"17-Nov-2020","EQ","324.00","326.70","318.10","324.35","322.35","322.10","321.78","779.80","197.00",1507783,"485,175,792.85",20053
"14-Nov-2020","EQ","329.70","329.75","322.05","324.50","323.00","324.35","325.44","779.80","197.00",249743,"81,275,434.30",5009
"13-Nov-2020","EQ","326.55","328.70","322.55","325.25","323.10","324.50","325.10","779.80","197.00",1267172,"411,955,251.85",14535
"12-Nov-2020","EQ","319.65","327.00","318.30","318.05","326.45","325.25","322.60","779.80","197.00",1858691,"599,615,772.20",20327
"11-Nov-2020","EQ","316.00","320.45","312.50","314.65","318.80","318.05","317.18","779.80","197.00",1690872,"536,316,201.20",16158
"10-Nov-2020","EQ","318.70","320.00","313.65","317.70","314.90","314.65","315.32","779.80","197.00",871806,"274,897,536.90",12029
"09-Nov-2020","EQ","318.00","320.45","313.95","317.60","317.95","317.70","317.26","779.80","197.00",948495,"300,923,894.95",10066
"06-Nov-2020","EQ","313.50","320.00","311.50","313.25","316.00","317.60","317.43","779.80","197.00",1259253,"399,721,044.85",11911
"05-Nov-2020","EQ","308.60","314.65","307.00","306.00","313.50","313.25","312.05","779.80","197.00",1017418,"317,489,069.60",11020
"04-Nov-2020","EQ","311.60","312.20","303.00","310.15","304.90","306.00","306.03","779.80","197.00",1350035,"413,148,655.45",14698
"03-Nov-2020","EQ","315.50","315.70","305.65","313.50","308.90","310.15","310.50","779.80","197.00",1520147,"472,002,558.85",17618
"02-Nov-2020","EQ","319.95","324.00","311.45","322.35","312.60","313.50","318.54","779.80","197.00",2854566,"909,285,766.20",19899
"30-Oct-2020","EQ","313.05","325.85","312.60","326.05","320.60","322.35","319.53","779.80","197.00",4790336,"1,530,679,369.10",38934
"29-Oct-2020","EQ","319.00","331.45","318.50","322.50","325.70","326.05","325.07","779.80","197.00",2699835,"877,636,749.55",38510
"28-Oct-2020","EQ","323.15","325.25","318.60","323.15","321.05","322.50","322.15","779.80","197.00",1256044,"404,634,817.75",13412
"27-Oct-2020","EQ","320.00","325.60","317.75","320.15","322.45","323.15","322.69","779.80","197.00",2062617,"665,576,202.15",19452
"26-Oct-2020","EQ","321.30","322.95","317.50","321.90","320.15","320.15","319.57","779.80","197.00",1634008,"522,175,030.35",12276
"23-Oct-2020","EQ","323.80","325.50","320.95","323.95","321.50","321.90","322.74","779.80","197.00",997430,"321,905,837.30",9826
"22-Oct-2020","EQ","321.50","326.00","317.50","321.45","323.40","323.95","322.03","779.80","197.00",2734398,"880,557,301.75",27827
"21-Oct-2020","EQ","322.50","323.65","318.00","321.15","321.00","321.45","320.45","779.80","197.00",1636301,"524,347,812.80",14318
"20-Oct-2020","EQ","315.05","323.55","314.75","318.20","321.30","321.15","319.14","779.80","197.00",2772348,"884,776,267.30",24989
"19-Oct-2020","EQ","322.00","326.00","316.80","319.65","318.05","318.20","320.27","779.80","197.00",2749105,"880,460,463.95",26518
"16-Oct-2020","EQ","315.80","321.00","314.80","318.45","319.30","319.65","318.44","779.80","197.00",2243807,"714,528,279.50",25425
"15-Oct-2020","EQ","319.00","323.50","312.35","318.05","312.65","318.45","319.82","779.80","197.00",6790951,"2,171,888,986.10",51419
"14-Oct-2020","EQ","309.00","319.40","309.00","307.45","318.30","318.05","316.14","779.80","197.00",10683538,"3,377,463,569.20",109044
"13-Oct-2020","EQ","299.95","308.65","299.40","300.55","308.10","307.45","305.97","779.80","197.00",3491360,"1,068,236,028.65",39849
"12-Oct-2020","EQ","302.75","303.70","298.95","301.55","300.60","300.55","301.19","779.80","197.00",970637,"292,344,193.15",15569
"09-Oct-2020","EQ","302.95","304.85","300.00","301.80","301.90","301.55","302.29","779.80","197.00",974040,"294,446,767.10",12530
"08-Oct-2020","EQ","301.45","305.00","299.75","300.95","301.95","301.80","301.87","779.80","197.00",1234452,"372,639,183.70",17351
"07-Oct-2020","EQ","305.80","305.80","298.50","304.25","300.50","300.95","301.42","779.80","197.00",1171809,"353,204,436.05",14175
"06-Oct-2020","EQ","310.00","311.30","303.20","308.05","303.90","304.25","306.93","779.80","197.00",2024556,"621,404,802.35",26741
"05-Oct-2020","EQ","301.60","310.60","299.20","301.60","309.00","308.05","305.58","779.80","197.00",2588974,"791,137,723.15",31573
"01-Oct-2020","EQ","302.50","305.60","300.50","299.50","301.35","301.60","302.58","779.80","197.00",1583975,"479,276,993.60",21986
"30-Sep-2020","EQ","301.95","302.00","296.10","299.95","299.60","299.50","298.69","779.80","197.00",2821196,"842,658,193.85",24780
"29-Sep-2020","EQ","298.90","306.95","297.00","297.40","299.90","299.95","301.65","779.80","197.00",3884925,"1,171,903,311.20",44998
"28-Sep-2020","EQ","295.25","300.65","292.55","290.70","297.30","297.40","297.04","779.80","197.00",2079581,"617,713,213.85",28450
"25-Sep-2020","EQ","281.15","293.10","281.15","278.80","289.55","290.70","287.33","779.80","197.00",2954970,"849,037,137.00",36665
"24-Sep-2020","EQ","298.40","300.90","276.90","293.55","279.55","278.80","289.71","779.80","197.00",7542878,"2,185,241,715.55",113765
"23-Sep-2020","EQ","282.50","300.75","276.10","279.45","299.90","293.55","286.20","779.80","197.00",5567602,"1,593,468,689.70",43304
"22-Sep-2020","EQ","287.40","290.35","273.45","286.70","279.90","279.45","280.27","779.80","197.00",1912625,"536,059,534.05",29374
"21-Sep-2020","EQ","291.70","295.00","285.10","290.30","287.00","286.70","291.44","779.80","197.00",3941998,"1,148,849,745.55",58993
"18-Sep-2020","EQ","300.10","303.00","288.40","298.65","289.05","290.30","293.92","779.80","197.00",3220880,"946,679,666.90",44623
"17-Sep-2020","EQ","300.65","302.30","295.40","301.70","298.95","298.65","299.59","779.80","197.00",1292118,"387,111,536.50",21419
"16-Sep-2020","EQ","306.15","307.15","296.20","306.10","301.40","301.70","300.84","779.80","197.00",2412037,"725,638,144.65",33068
"15-Sep-2020","EQ","304.25","312.90","304.25","303.80","306.30","306.10","308.11","779.80","197.00",4303284,"1,325,889,584.05",46173
"14-Sep-2020","EQ","294.85","307.65","294.15","293.05","303.90","303.80","302.02","779.80","197.00",4542530,"1,371,925,527.30",50627
"11-Sep-2020","EQ","289.20","294.80","287.80","288.80","293.00","293.05","292.19","779.80","197.00",1976097,"577,393,311.20",20921
"10-Sep-2020","EQ","289.00","293.40","285.00","287.35","288.90","288.80","289.25","779.80","197.00",2161794,"625,304,225.75",25933
"09-Sep-2020","EQ","287.00","289.45","281.70","289.30","288.55","287.35","284.95","779.80","197.00",1956047,"557,382,482.15",29029
"08-Sep-2020","EQ","300.00","300.00","287.15","296.90","288.00","289.30","292.79","779.80","197.00",4788679,"1,402,059,196.20",60072
"07-Sep-2020","EQ","303.50","307.00","294.85","303.30","296.85","296.90","298.32","779.80","197.00",3307148,"986,596,585.65",33648
"04-Sep-2020","EQ","306.00","308.40","302.10","312.85","304.40","303.30","304.84","779.80","197.00",3028986,"923,346,593.55",47182
"03-Sep-2020","EQ","314.00","317.90","310.25","311.50","313.35","312.85","313.81","779.80","197.00",2733912,"857,930,531.60",30701
"02-Sep-2020","EQ","310.55","316.00","307.20","310.10","313.65","311.50","310.78","779.80","197.00",2372727,"737,389,395.55",25187
"01-Sep-2020","EQ","313.15","317.05","297.75","312.50","311.85","310.10","305.86","779.80","197.00",4335965,"1,326,218,615.50",58168
"31-Aug-2020","EQ","333.00","333.00","308.75","327.90","311.90","312.50","320.66","779.80","197.00",3365944,"1,079,309,226.20",38925
"28-Aug-2020","EQ","332.50","336.40","326.55","329.25","328.00","327.90","330.46","779.80","197.00",3256438,"1,076,111,026.90",38839
"27-Aug-2020","EQ","335.00","336.55","328.25","334.50","329.70","329.25","331.52","779.80","197.00",2475119,"820,551,602.30",32390
"26-Aug-2020","EQ","337.20","339.65","330.20","333.85","334.70","334.50","333.08","779.80","197.00",4591174,"1,529,240,242.75",45571
"25-Aug-2020","EQ","334.00","345.90","329.20","324.10","337.10","333.85","337.32","779.80","197.00",13594386,"4,585,684,385.65",121617
"24-Aug-2020","EQ","319.90","334.40","316.00","315.35","327.00","324.10","328.32","779.80","197.00",11679599,"3,834,599,000.10",110462
"21-Aug-2020","EQ","321.35","321.35","314.25","317.30","315.00","315.35","318.15","779.80","197.00",2838219,"902,979,761.70",36933
"20-Aug-2020","EQ","314.50","321.90","314.05","311.05","318.00","317.30","318.31","779.80","197.00",9029579,"2,874,217,339.30",89192
"19-Aug-2020","EQ","298.20","314.00","296.40","296.10","313.30","311.05","307.31","779.80","197.00",6391301,"1,964,117,651.05",65935
"18-Aug-2020","EQ","294.50","297.35","293.35","292.10","296.00","296.10","295.54","779.80","197.00",1435708,"424,308,196.05",18594
"17-Aug-2020","EQ","298.50","298.65","291.50","295.00","292.60","292.10","293.47","779.80","197.00",1305171,"383,023,227.40",18481
"14-Aug-2020","EQ","298.00","300.50","293.20","296.00","295.10","295.00","297.27","779.80","197.00",1093691,"325,121,687.35",14033
"13-Aug-2020","EQ","299.50","300.90","295.70","295.90","296.15","296.00","297.54","779.80","197.00",1026952,"305,560,619.50",14395
"12-Aug-2020","EQ","295.00","297.45","292.55","297.05","296.85","295.90","295.60","779.80","197.00",940734,"278,080,518.05",16255
"11-Aug-2020","EQ","302.20","302.60","295.80","301.15","297.20","297.05","298.06","779.80","197.00",1292967,"385,383,103.25",19979
"10-Aug-2020","EQ","303.30","305.00","299.10","300.85","301.15","301.15","301.37","779.80","197.00",1366678,"411,871,657.35",21141
"07-Aug-2020","EQ","297.05","304.50","296.15","296.15","302.25","300.85","300.93","779.80","197.00",1758219,"529,105,013.25",23977
"06-Aug-2020","EQ","298.00","298.95","294.40","296.95","296.55","296.15","296.28","779.80","197.00",1164675,"345,072,162.40",22169
"05-Aug-2020","EQ","297.90","300.75","295.50","296.70","297.80","296.95","297.36","779.80","197.00",912129,"271,227,029.55",12560
"04-Aug-2020","EQ","298.05","302.95","296.00","298.05","297.40","296.70","297.78","779.80","197.00",926366,"275,852,885.00",12828
"03-Aug-2020","EQ","301.00","301.75","293.25","305.70","297.85","298.05","297.49","779.80","197.00",1809465,"538,292,970.00",27311
"31-Jul-2020","EQ","311.25","311.25","303.65","310.05","306.60","305.70","306.05","779.80","197.00",1441401,"441,142,891.55",17080
"30-Jul-2020","EQ","315.00","315.00","307.75","312.40","309.20","310.05","311.67","779.80","197.00",1958399,"610,372,607.25",22013
"29-Jul-2020","EQ","300.85","314.80","299.65","299.65","311.80","312.40","309.16","779.80","197.00",3854859,"1,191,757,313.55",38181
"28-Jul-2020","EQ","298.20","302.50","298.20","298.30","299.00","299.65","300.08","779.80","197.00",1371819,"411,649,735.70",19415
"27-Jul-2020","EQ","301.00","305.20","297.10","301.55","298.20","298.30","300.40","779.80","197.00",1469377,"441,403,205.15",18704
"24-Jul-2020","EQ","306.00","310.35","300.75","307.25","301.25","301.55","304.82","779.80","197.00",1419318,"432,633,665.30",17388
"23-Jul-2020","EQ","304.00","308.90","301.75","303.80","307.45","307.25","307.31","779.80","197.00",1664957,"511,661,413.35",19270
"22-Jul-2020","EQ","302.00","306.50","301.50","301.55","303.30","303.80","304.38","779.80","197.00",1249672,"380,369,103.80",14684
"21-Jul-2020","EQ","309.50","309.50","300.85","306.30","302.45","301.55","304.41","779.80","197.00",1351562,"411,423,034.05",19976
"20-Jul-2020","EQ","303.00","307.10","300.70","299.90","306.80","306.30","304.39","779.80","197.00",2269740,"690,896,794.25",20565
"17-Jul-2020","EQ","298.50","303.25","298.20","298.45","299.80","299.90","300.47","779.80","197.00",1219753,"366,494,368.65",12598
"16-Jul-2020","EQ","295.00","299.95","289.25","296.15","298.00","298.45","295.88","779.80","197.00",2216406,"655,791,595.90",28140
"15-Jul-2020","EQ","306.70","307.80","295.10","305.65","296.25","296.15","301.60","779.80","197.00",1745100,"526,313,814.00",29897
"14-Jul-2020","EQ","298.00","307.00","295.00","298.35","306.25","305.65","301.45","779.80","197.00",2451207,"738,922,807.10",31604
"13-Jul-2020","EQ","301.70","303.50","297.60","299.60","298.40","298.35","299.58","779.80","197.00",1804452,"540,583,405.00",26217
"10-Jul-2020","EQ","307.00","307.00","299.00","307.10","300.00","299.60","302.25","779.80","197.00",2997165,"905,887,838.75",61267
"09-Jul-2020","EQ","313.00","316.00","306.20","312.50","307.50","307.10","310.07","779.80","197.00",3272247,"1,014,641,585.60",36566
"08-Jul-2020","EQ","319.95","319.95","311.25","311.70","312.90","312.50","316.06","779.80","197.00",4951635,"1,565,019,669.05",69618
"07-Jul-2020","EQ","312.25","321.00","309.55","309.90","313.15","311.70","314.90","779.80","197.00",4898897,"1,542,668,893.90",70459
"06-Jul-2020","EQ","312.00","313.65","308.80","308.50","309.50","309.90","311.02","779.80","197.00",986731,"306,897,796.05",16563
"03-Jul-2020","EQ","311.50","313.25","306.95","309.30","308.15","308.50","309.25","779.80","197.00",656749,"203,100,873.85",10866
"02-Jul-2020","EQ","309.45","312.50","308.00","308.35","310.20","309.30","309.71","779.80","197.00",833257,"258,066,476.15",12017
"01-Jul-2020","EQ","314.00","314.00","307.40","310.05","308.35","308.35","309.45","779.80","197.00",815746,"252,429,323.15",16355
"30-Jun-2020","EQ","314.20","315.50","309.00","312.05","311.45","310.05","311.51","779.80","197.00",486105,"151,426,122.80",6790
"29-Jun-2020","EQ","315.00","316.55","309.05","315.20","311.55","312.05","312.01","779.80","197.00",618194,"192,880,990.25",10579
"26-Jun-2020","EQ","319.50","322.90","314.15","317.30","314.15","315.20","318.73","779.80","197.00",1167005,"371,954,369.70",15406
"25-Jun-2020","EQ","312.95","318.20","309.90","313.25","318.10","317.30","315.33","779.80","197.00",1167321,"368,093,596.90",13789
"24-Jun-2020","EQ","315.90","319.20","311.95","311.80","313.80","313.25","316.22","779.80","197.00",1719377,"543,694,010.95",18526
"23-Jun-2020","EQ","313.00","315.95","311.10","310.75","312.25","311.80","313.67","779.80","197.00",1499339,"470,295,965.85",18639
"22-Jun-2020","EQ","308.95","315.95","306.10","314.25","310.50","310.75","312.20","779.80","197.00",1736753,"542,222,587.05",29290
"19-Jun-2020","EQ","317.00","317.05","312.00","314.20","314.95","314.25","314.42","779.80","197.00",1284180,"403,772,785.15",17791
"18-Jun-2020","EQ","315.00","319.50","313.50","313.50","314.90","314.20","316.50","779.80","197.00",1986228,"628,649,258.00",22555
"17-Jun-2020","EQ","305.00","315.90","304.40","305.60","313.50","313.50","312.60","779.80","197.00",1591833,"497,605,537.70",18438
"16-Jun-2020","EQ","314.00","314.80","301.40","307.05","306.00","305.60","307.75","779.80","197.00",1308544,"402,707,784.35",18507
"15-Jun-2020","EQ","313.95","314.80","306.20","311.75","307.35","307.05","309.70","779.80","197.00",949541,"294,072,794.75",14032
"12-Jun-2020","EQ","293.00","313.65","293.00","306.50","312.85","311.75","307.46","779.80","197.00",1981677,"609,286,820.75",27088
"11-Jun-2020","EQ","312.80","314.65","304.55","311.50","307.00","306.50","308.31","779.80","197.00",1839745,"567,216,402.15",25388
"10-Jun-2020","EQ","314.80","318.20","308.40","312.65","312.80","311.50","313.41","779.80","197.00",1399424,"438,588,077.80",15903
"09-Jun-2020","EQ","319.05","319.90","311.00","315.55","313.05","312.65","315.94","779.80","197.00",1099217,"347,285,671.90",13867
"08-Jun-2020","EQ","322.00","324.20","314.50","318.35","315.75","315.55","320.44","779.80","197.00",1786956,"572,619,929.20",24929
"05-Jun-2020","EQ","316.55","322.70","315.65","315.50","319.00","318.35","319.52","779.80","197.00",1564617,"499,920,166.40",17583
"04-Jun-2020","EQ","315.40","317.90","309.50","313.85","315.30","315.50","314.22","779.80","197.00",1154359,"362,718,193.85",16612
"03-Jun-2020","EQ","319.70","319.70","311.35","315.50","313.95","313.85","315.31","779.80","197.00",2210675,"697,046,798.15",26319
"02-Jun-2020","EQ","311.85","319.85","310.35","308.45","314.95","315.50","316.25","779.80","197.00",1847006,"584,121,132.20",22920
"01-Jun-2020","EQ","308.00","318.80","307.00","306.45","308.00","308.45","312.34","779.80","197.00",2003701,"625,829,847.05",43903
"29-May-2020","EQ","303.50","308.95","301.00","304.10","306.15","306.45","305.91","779.80","197.00",1643251,"502,692,306.15",20501
"28-May-2020","EQ","311.95","316.20","301.35","310.00","304.00","304.10","308.28","779.80","197.00",2471224,"761,832,204.45",36652
"27-May-2020","EQ","300.40","311.65","299.35","299.50","308.95","310.00","305.55","779.80","197.00",2283084,"697,588,870.00",33462
"26-May-2020","EQ","296.15","301.90","296.15","295.00","300.00","299.50","298.95","779.80","197.00",1285158,"384,201,962.20",15510
"22-May-2020","EQ","284.00","298.85","282.50","283.40","296.00","295.00","292.22","779.80","197.00",2854398,"834,102,712.05",36493
"21-May-2020","EQ","290.00","290.20","282.50","288.85","284.00","283.40","286.67","779.80","197.00",1035214,"296,768,471.55",17974
"20-May-2020","EQ","281.55","290.70","281.25","280.35","290.00","288.85","286.23","779.80","197.00",1483942,"424,753,941.65",22297
"19-May-2020","EQ","281.00","286.70","278.25","276.35","280.90","280.35","282.59","779.80","197.00",1422466,"401,969,074.90",17709
"18-May-2020","EQ","294.00","294.00","274.10","293.20","276.90","276.35","282.01","779.80","197.00",1652566,"466,044,107.30",21198
"15-May-2020","EQ","295.90","300.80","288.30","292.70","293.85","293.20","294.74","779.80","197.00",1951693,"575,247,276.45",34196
"14-May-2020","EQ","298.65","298.65","290.75","299.75","294.00","292.70","293.89","779.80","197.00",1151572,"338,440,462.45",24473
"13-May-2020","EQ","298.50","306.00","291.35","285.00","300.00","299.75","301.49","779.80","197.00",4185344,"1,261,825,129.70",56499
"12-May-2020","EQ","289.75","292.00","279.80","288.70","283.50","285.00","286.25","779.80","197.00",1368156,"391,632,997.50",20486
"11-May-2020","EQ","289.00","293.50","288.00","288.85","288.40","288.70","290.20","779.80","197.00",870513,"252,618,846.65",11907
"08-May-2020","EQ","289.00","291.40","284.00","286.05","289.35","288.85","287.29","779.80","197.00",2452886,"704,699,195.80",27629
"07-May-2020","EQ","293.00","299.00","285.00","290.55","286.00","286.05","290.12","779.80","197.00",2665427,"773,296,592.55",30539
"06-May-2020","EQ","281.00","295.00","281.00","278.25","290.60","290.55","290.50","779.80","197.00",5394744,"1,567,170,025.85",63409
"05-May-2020","EQ","287.40","288.00","276.35","281.10","280.00","278.25","281.72","779.80","197.00",1011351,"284,918,841.75",15087
"04-May-2020","EQ","279.50","288.70","272.20","282.70","282.45","281.10","280.94","779.80","197.00",2381558,"669,066,860.50",42367
"30-Apr-2020","EQ","290.00","290.00","281.00","285.05","282.75","282.70","284.35","779.80","197.00",1981296,"563,373,781.65",33894
"29-Apr-2020","EQ","287.00","289.25","282.50","285.10","284.45","285.05","285.65","779.80","197.00",1552564,"443,494,957.15",26563
"28-Apr-2020","EQ","285.40","296.60","282.20","278.25","285.00","285.10","289.75","779.80","197.00",4468935,"1,294,870,132.75",60253
"27-Apr-2020","EQ","274.95","282.85","274.00","270.05","277.80","278.25","279.24","779.80","197.00",2772497,"774,183,475.65",51978
"24-Apr-2020","EQ","263.40","273.00","255.35","263.45","270.05","270.05","268.69","779.80","197.00",4175820,"1,121,986,440.60",69601
"23-Apr-2020","EQ","253.00","265.00","252.55","249.90","263.55","263.45","260.64","779.80","197.00",2130846,"555,391,399.95",40501
"22-Apr-2020","EQ","248.00","251.10","243.00","249.40","250.70","249.90","247.91","779.80","197.00",1944553,"482,077,023.70",24585
"21-Apr-2020","EQ","255.95","255.95","246.25","256.45","250.00","249.40","249.73","779.80","197.00",1465907,"366,077,805.25",22157
"20-Apr-2020","EQ","260.00","260.50","251.50","254.00","257.00","256.45","254.57","779.80","197.00",2464492,"627,389,988.00",25778
"17-Apr-2020","EQ","268.50","268.50","250.00","254.40","254.40","254.00","256.57","779.80","197.00",2680851,"687,830,017.00",44342
"16-Apr-2020","EQ","241.40","259.50","240.00","240.05","256.00","254.40","254.55","779.80","197.00",6163956,"1,569,036,068.80",67607
"15-Apr-2020","EQ","242.00","252.00","239.00","237.00","241.00","240.05","246.38","779.80","197.00",3193041,"786,697,439.10",60132
"13-Apr-2020","EQ","238.00","247.15","231.55","233.10","237.05","237.00","239.30","779.80","197.00",2327511,"556,983,682.30",37774
"09-Apr-2020","EQ","237.30","239.45","230.70","228.60","233.95","233.10","234.07","779.80","197.00",1426461,"333,886,973.05",29541
"08-Apr-2020","EQ","227.00","239.90","225.55","229.80","228.30","228.60","232.05","779.80","197.00",1510243,"350,446,731.65",26450
"07-Apr-2020","EQ","222.85","234.40","222.20","218.55","227.30","229.80","226.78","779.80","197.00",2137244,"484,684,294.35",33387
"03-Apr-2020","EQ","229.00","229.40","216.20","224.65","218.55","218.55","220.67","779.80","197.00",1474934,"325,470,601.20",23871
"01-Apr-2020","EQ","227.55","235.30","223.00","223.55","223.90","224.65","228.77","779.80","197.00",1783621,"408,039,561.40",29184
"31-Mar-2020","EQ","230.00","230.00","222.50","223.00","223.80","223.55","224.58","779.80","197.00",806436,"181,113,339.40",19260
"30-Mar-2020","EQ","224.75","225.75","218.00","224.50","224.50","223.00","223.66","779.80","197.00",824243,"184,352,644.05",19601
"27-Mar-2020","EQ","239.50","242.90","222.00","225.10","224.75","224.50","228.04","779.80","197.00",1212347,"276,459,143.45",30265
"26-Mar-2020","EQ","212.65","234.35","212.65","210.95","225.00","225.10","228.32","779.80","197.00",1635008,"373,298,782.15",31337
"25-Mar-2020","EQ","201.70","213.80","200.50","200.75","212.40","210.95","208.56","779.80","197.00",984315,"205,289,539.60",21062
"24-Mar-2020","EQ","212.05","218.50","197.00","200.70","200.00","200.75","208.23","779.80","197.00",2011624,"418,885,421.90",54340
"23-Mar-2020","EQ","216.00","231.00","197.00","228.95","200.00","200.70","211.81","779.80","197.00",1115235,"236,212,552.25",18073
"20-Mar-2020","EQ","224.00","236.00","221.15","223.10","230.50","228.95","228.88","779.80","210.30",1559193,"356,874,176.60",31006
"19-Mar-2020","EQ","225.00","232.00","210.30","226.75","223.00","223.10","221.41","779.80","210.30",1572998,"348,283,494.65",33690
"18-Mar-2020","EQ","243.10","243.10","223.00","238.40","226.00","226.75","230.94","779.80","223.00",1057890,"244,304,170.00",35411
"17-Mar-2020","EQ","251.10","252.65","235.00","252.05","239.00","238.40","245.72","779.80","235.00",980014,"240,811,277.55",27839
"16-Mar-2020","EQ","250.00","265.50","249.00","275.85","251.00","252.05","257.10","779.80","235.00",1466400,"377,015,719.00",29866
"13-Mar-2020","EQ","250.00","283.40","235.00","265.85","281.00","275.85","259.76","779.80","235.00",2398875,"623,124,767.90",44684
"12-Mar-2020","EQ","289.50","289.50","258.30","295.45","267.40","265.85","267.95","779.80","258.30",1756140,"470,556,474.20",31398
"11-Mar-2020","EQ","298.50","304.35","291.00","298.25","294.00","295.45","296.91","779.80","291.00",1442173,"428,191,754.50",27394
"09-Mar-2020","EQ","305.00","310.00","294.00","310.35","296.45","298.25","300.77","779.80","294.00",1379645,"414,962,124.35",13691
"06-Mar-2020","EQ","309.95","312.00","298.30","314.95","310.85","310.35","305.68","779.80","298.30",1061298,"324,420,287.20",17209
"05-Mar-2020","EQ","317.00","323.00","311.40","314.95","315.00","314.95","316.85","779.80","304.40",2529553,"801,480,897.85",41880
"04-Mar-2020","EQ","315.00","339.70","304.40","724.45","314.50","314.95","316.45","779.80","304.40",4791542,"1,516,305,326.50",60621
"03-Mar-2020","EQ","708.90","733.00","702.10","705.60","729.95","724.45","715.97","779.80","543.00",2400104,"1,718,397,073.30",29808
"02-Mar-2020","EQ","719.20","728.85","697.65","714.00","709.00","705.60","707.41","779.80","543.00",2381040,"1,684,363,461.70",26198
"28-Feb-2020","EQ","713.50","720.45","701.10","731.80","717.00","714.00","708.40","779.80","543.00",1827064,"1,294,290,599.30",27767
"27-Feb-2020","EQ","748.00","748.50","725.25","743.95","731.65","731.80","733.18","779.80","543.00",1964146,"1,440,065,780.40",16582
"26-Feb-2020","EQ","751.00","752.00","736.00","749.60","745.00","743.95","742.36","779.80","543.00",2579106,"1,914,629,296.25",28208
"25-Feb-2020","EQ","752.10","754.30","740.35","749.80","750.00","749.60","749.05","779.80","543.00",2778473,"2,081,203,464.15",17750
"24-Feb-2020","EQ","761.00","769.80","747.55","763.65","749.80","749.80","762.04","779.80","543.00",405545,"309,041,929.15",10564
"20-Feb-2020","EQ","761.00","778.50","760.10","764.75","763.00","763.65","769.27","779.80","543.00",763089,"587,022,774.85",12709
"19-Feb-2020","EQ","755.00","768.00","748.30","749.60","764.00","764.75","758.62","779.80","543.00",742689,"563,420,047.55",19209
"18-Feb-2020","EQ","755.00","757.00","743.10","752.70","750.00","749.60","748.66","779.80","543.00",573449,"429,317,326.00",12902
"17-Feb-2020","EQ","769.00","773.00","749.50","766.65","754.70","752.70","760.55","779.80","543.00",621265,"472,502,423.75",17848
"14-Feb-2020","EQ","757.05","770.00","757.05","760.75","765.00","766.65","764.45","779.80","543.00",1175223,"898,404,891.45",23085
"13-Feb-2020","EQ","756.05","763.25","753.00","756.65","760.00","760.75","758.26","779.80","543.00",425579,"322,698,208.00",8392
"12-Feb-2020","EQ","760.05","763.95","755.60","758.25","757.00","756.65","759.25","779.80","543.00",364940,"277,082,337.15",7393
"11-Feb-2020","EQ","765.15","779.80","756.10","761.45","756.15","758.25","767.31","779.80","543.00",1128876,"866,201,676.80",26495
"10-Feb-2020","EQ","766.80","766.80","754.65","763.80","764.40","761.45","760.01","771.15","543.00",352730,"268,079,455.15",6329
"07-Feb-2020","EQ","754.90","769.65","751.80","753.15","764.70","763.80","762.16","771.15","543.00",1552526,"1,183,266,527.70",23192
"06-Feb-2020","EQ","753.90","756.50","746.55","750.45","754.05","753.15","751.30","771.15","543.00",819970,"616,047,170.20",12797
"05-Feb-2020","EQ","740.00","762.00","731.05","735.85","749.00","750.45","750.86","771.15","543.00",1905139,"1,430,493,375.80",31912
"04-Feb-2020","EQ","750.00","752.10","729.00","741.55","735.60","735.85","735.88","771.15","543.00",700440,"515,441,736.45",24400
"03-Feb-2020","EQ","740.70","753.00","719.40","740.70","751.00","741.55","736.62","771.15","543.00",1867055,"1,375,313,409.65",39977
"01-Feb-2020","EQ","750.50","757.85","735.00","751.20","742.50","740.70","747.59","771.15","543.00",414443,"309,831,531.10",9526
"31-Jan-2020","EQ","761.00","762.30","748.00","757.90","751.95","751.20","752.41","771.15","543.00",518351,"390,011,703.15",12799
"30-Jan-2020","EQ","760.65","763.70","754.00","757.55","759.00","757.90","759.25","771.15","543.00",524562,"398,275,038.10",9821
"29-Jan-2020","EQ","751.00","771.15","751.00","748.95","759.00","757.55","761.30","771.15","543.00",887086,"675,341,997.25",16451
"28-Jan-2020","EQ","748.00","757.40","746.95","749.65","750.00","748.95","751.74","762.00","543.00",408669,"307,212,518.15",11499
"27-Jan-2020","EQ","754.00","759.00","746.00","755.40","748.00","749.65","751.50","762.00","543.00",508369,"382,040,094.55",6742
"24-Jan-2020","EQ","759.75","762.00","753.55","758.45","755.00","755.40","756.95","762.00","543.00",383996,"290,666,117.65",10467
"23-Jan-2020","EQ","748.35","760.95","748.00","748.35","758.50","758.45","757.50","760.95","543.00",571191,"432,678,931.70",21578
"22-Jan-2020","EQ","750.25","759.50","746.10","749.45","748.50","748.35","753.00","759.50","543.00",762506,"574,165,142.45",20127
"21-Jan-2020","EQ","741.00","755.70","741.00","746.30","749.05","749.45","747.29","755.70","543.00",799303,"597,309,529.15",14675
"20-Jan-2020","EQ","746.80","751.70","737.35","747.35","742.50","746.30","743.22","751.70","543.00",882699,"656,043,424.90",16430
"17-Jan-2020","EQ","737.90","750.30","734.10","737.90","746.50","747.35","744.63","750.30","543.00",1252299,"932,504,721.45",25390
"16-Jan-2020","EQ","732.00","740.50","723.95","730.00","739.00","737.90","731.75","740.50","543.00",1062146,"777,220,650.75",9444
"15-Jan-2020","EQ","727.10","737.45","720.35","726.60","728.00","730.00","728.45","737.45","543.00",1098330,"800,074,759.80",16419
"14-Jan-2020","EQ","708.00","733.95","707.00","704.65","726.25","726.60","721.86","733.95","543.00",3016113,"2,177,212,076.40",47619
"13-Jan-2020","EQ","695.00","705.70","692.05","689.70","705.00","704.65","701.31","705.70","543.00",1121071,"786,223,008.10",18712
"10-Jan-2020","EQ","675.10","694.00","675.10","675.65","692.50","689.70","688.50","706.00","543.00",1558020,"1,072,696,722.00",21127
"09-Jan-2020","EQ","667.90","679.10","667.15","665.05","676.20","675.65","675.08","706.00","543.00",718119,"484,787,315.15",18331
"08-Jan-2020","EQ","660.10","669.80","658.25","666.30","664.65","665.05","663.89","706.00","543.00",394579,"261,957,260.95",11294
"07-Jan-2020","EQ","661.00","673.00","661.00","659.75","664.00","666.30","666.93","706.00","543.00",610745,"407,323,554.65",13075
"06-Jan-2020","EQ","666.00","666.00","656.05","670.05","660.60","659.75","660.02","706.00","543.00",410376,"270,855,788.65",5150
"03-Jan-2020","EQ","672.80","676.70","666.05","672.80","669.50","670.05","671.89","720.80","543.00",415545,"279,200,903.35",7261
"02-Jan-2020","EQ","672.20","675.20","667.55","671.35","673.00","672.80","671.19","720.80","543.00",578952,"388,588,814.80",7853
"01-Jan-2020","EQ","668.55","673.40","663.25","667.10","670.40","671.35","669.55","720.80","543.00",519610,"347,904,993.70",8209